roni_cost@example.com,http://asd.com,"","","",Default Store View,"","",Veronica Costello,0,1,"","","","","","","","","","",,"","",123
cuongtd@ytcvn.com,http://asd.com,"","","",English,"","",cuong cuong,,1,"","","","","","","","","","",,"","",123
tamdt@smartaddons.com,http://asd.com,"","","",English,"","",trong tam,,1,"","","","","","","","","","",,"","",123
tamdt1@smartaddons.com,http://asd.com,"","","",English,"","",tester tester,,1,"","","","","","","","","","",,"","",123
tamdt11@smartaddons.com,http://asd.com,"","","",Belgium,"","",test11 test11,,1,"","","","","","","","","","",,"","",123
admin@gmail.com,http://asd.com,"","","",English,"","",nguyen hoa,,1,"","","","","","","","","","",,"","",123
admin12@gmail.com,http://asd.com,"","","",English,"","",nguye hoa,,1,"","","","","","","","","","",,"","",123
phuong@gmail.com,http://asd.com,"","","",English,"","",nguyen h,,1,"","","","","","","","","","",,"","",123
tester@gmail.com,http://asd.com,"","","",English,"","",tester tester,,1,"","","","","","","","","","",,"","",123
ngan@gmail.com,http://asd.com,"","","",English,"","",nguyen ngan,,1,"","","","","","","","","","",,"","",123
test@gmail.com,http://asd.com,"","","",German,"","",Test Account,,1,"","","","","","","","","","",,"","",123
hoa@gmail.com,http://asd.com,"","","",English,"","",thanh hoa,,1,"","","","","","","","","","",,"","",123
hoaphan@gmail.com,http://asd.com,"","","",English,"","",Thang Hoa,,1,"","","","","","","","","","",,"","",123
trananh@gmail.com,http://asd.com,"","","",English,"","",Tran Anh,,1,"","","","","","","","","","",,"","",123
admin123@gmail.com,http://asd.com,"","","",English,"","",nguyen hoa,,1,"","","","","","","","","","",,"","",123
nguyenhoa@gmail.com,http://asd.com,"","","",English,"","",nguyen hoa,,1,"","","","","","","","","","",,"","",123
hoa12@gmail.com,http://asd.com,"","","",French,"","",admin admin,,1,"","","","","","","","","","",,"","",123
phuong123@gmail.com,http://asd.com,"","","",English,"","",nguyen phuong,,1,"","","","","","","","","","",,"","",123
nguyenhoa91@gmail.com,http://asd.com,"","","",English,"","",nguyen ho,,1,"","","","","","","","","","",,"","",123
thuhang123@gmail.com,http://asd.com,"","","",English,"","",nguyen hang,,1,"","","","","","","","","","",,"","",123
